<!--<subtitle>Some subtitle</subtitle -->
<!--
<releaseinfo>${project.version}</releaseinfo>
<corpauthor>
   <inlinemediaobject>
      <imageobject>
         <imagedata fileref="./images/hibernate_ogm_600px.png"
                    format="PNG"
                    scalefit="1"
                    width="444"/>
      </imageobject>
      <textobject>
         <phrase>Logo</phrase>
      </textobject>
   </inlinemediaobject>
</corpauthor>

<authorgroup xml:base="Author_Group.xml">
   <author>
      <firstname>Emmanuel</firstname>
      <surname>Bernard</surname>
      <affiliation>
         <shortaffil>Red Hat</shortaffil>
      </affiliation>
   </author>
   <author>
      <firstname>Sanne</firstname>
      <surname>Grinovero</surname>
      <affiliation>
         <shortaffil>Red Hat</shortaffil>
      </affiliation>
   </author>
   <collab>
     <collabname>Guillaume Scheibel</collabname>
   </collab>
</authorgroup>
 -->

<authorgroup xml:base="Author_Group.xml">
   <author>
      <firstname>NAIF</firstname>
      <affiliation>
         <shortaffil>SIMASOFT</shortaffil>
      </affiliation>
   </author>
</authorgroup>
