port;code
P01;R01PP1-01
P02;R01PP1-02
P03;R01PP1-03
P04;R01PP1-04
P05;R01PP1-05
P06;R01PP1-06
P07;R01PP1-07
P08;R01PP1-08
P09;R01PP1-09
P10;R01PP1-10
P11;R01PP1-11
P12;R01PP1-12
P13;R01PP1-13
P14;R01PP1-14
P15;R01PP1-15
P16;R01PP1-16
P17;R01PP1-17
P18;R01PP1-18
P19;R01PP1-19
P20;R01PP1-20
P21;R01PP1-21
P22;R01PP1-22
P23;R01PP1-23
P24;R01PP1-24
P01;R02PP1-01
P02;R02PP1-02
P03;R02PP1-03
P04;R02PP1-04
P05;R02PP1-05
P06;R02PP1-06
P07;R02PP1-07
P08;R02PP1-08
P09;R02PP1-09
P10;R02PP1-10
P11;R02PP1-11
P12;R02PP1-12
P13;R02PP1-13
P14;R02PP1-14
P15;R02PP1-15
P16;R02PP1-16
P17;R02PP1-17
P18;R02PP1-18
P19;R02PP1-19
P20;R02PP1-20
P21;R02PP1-21
P22;R02PP1-22
P23;R02PP1-23
P24;R02PP1-24
P01;R03PP1-01
P02;R03PP1-02
P03;R03PP1-03
P04;R03PP1-04
P05;R03PP1-05
P06;R03PP1-06
P07;R03PP1-07
P08;R03PP1-08
P09;R03PP1-09
P10;R03PP1-10
P11;R03PP1-11
P12;R03PP1-12
P13;R03PP1-13
P14;R03PP1-14
P15;R03PP1-15
P16;R03PP1-16
P17;R03PP1-17
P18;R03PP1-18
P19;R03PP1-19
P20;R03PP1-20
P21;R03PP1-21
P22;R03PP1-22
P23;R03PP1-23
P24;R03PP1-24
P01;R04PP1-01
P02;R04PP1-02
P03;R04PP1-03
P04;R04PP1-04
P05;R04PP1-05
P06;R04PP1-06
P07;R04PP1-07
P08;R04PP1-08
P09;R04PP1-09
P10;R04PP1-10
P11;R04PP1-11
P12;R04PP1-12
P13;R04PP1-13
P14;R04PP1-14
P15;R04PP1-15
P16;R04PP1-16
P17;R04PP1-17
P18;R04PP1-18
P19;R04PP1-19
P20;R04PP1-20
P21;R04PP1-21
P22;R04PP1-22
P23;R04PP1-23
P24;R04PP1-24
P01;R05PP1-01
P02;R05PP1-02
P03;R05PP1-03
P04;R05PP1-04
P05;R05PP1-05
P06;R05PP1-06
P07;R05PP1-07
P08;R05PP1-08
P09;R05PP1-09
P10;R05PP1-10
P11;R05PP1-11
P12;R05PP1-12
P13;R05PP1-13
P14;R05PP1-14
P15;R05PP1-15
P16;R05PP1-16
P17;R05PP1-17
P18;R05PP1-18
P19;R05PP1-19
P20;R05PP1-20
P21;R05PP1-21
P22;R05PP1-22
P23;R05PP1-23
P24;R05PP1-24
P01;R06PP1-01
P02;R06PP1-02
P03;R06PP1-03
P04;R06PP1-04
P05;R06PP1-05
P06;R06PP1-06
P07;R06PP1-07
P08;R06PP1-08
P09;R06PP1-09
P10;R06PP1-10
P11;R06PP1-11
P12;R06PP1-12
P13;R06PP1-13
P14;R06PP1-14
P15;R06PP1-15
P16;R06PP1-16
P17;R06PP1-17
P18;R06PP1-18
P19;R06PP1-19
P20;R06PP1-20
P21;R06PP1-21
P22;R06PP1-22
P23;R06PP1-23
P24;R06PP1-24
P01;R07PP1-01
P02;R07PP1-02
P03;R07PP1-03
P04;R07PP1-04
P05;R07PP1-05
P06;R07PP1-06
P07;R07PP1-07
P08;R07PP1-08
P09;R07PP1-09
P10;R07PP1-10
P11;R07PP1-11
P12;R07PP1-12
P13;R07PP1-13
P14;R07PP1-14
P15;R07PP1-15
P16;R07PP1-16
P17;R07PP1-17
P18;R07PP1-18
P19;R07PP1-19
P20;R07PP1-20
P21;R07PP1-21
P22;R07PP1-22
P23;R07PP1-23
P24;R07PP1-24
P01;R08PP1-01
P02;R08PP1-02
P03;R08PP1-03
P04;R08PP1-04
P05;R08PP1-05
P06;R08PP1-06
P07;R08PP1-07
P08;R08PP1-08
P09;R08PP1-09
P10;R08PP1-10
P11;R08PP1-11
P12;R08PP1-12
P13;R08PP1-13
P14;R08PP1-14
P15;R08PP1-15
P16;R08PP1-16
P17;R08PP1-17
P18;R08PP1-18
P19;R08PP1-19
P20;R08PP1-20
P21;R08PP1-21
P22;R08PP1-22
P23;R08PP1-23
P24;R08PP1-24
P01;R09PP1-01
P02;R09PP1-02
P03;R09PP1-03
P04;R09PP1-04
P05;R09PP1-05
P06;R09PP1-06
P07;R09PP1-07
P08;R09PP1-08
P09;R09PP1-09
P10;R09PP1-10
P11;R09PP1-11
P12;R09PP1-12
P13;R09PP1-13
P14;R09PP1-14
P15;R09PP1-15
P16;R09PP1-16
P17;R09PP1-17
P18;R09PP1-18
P19;R09PP1-19
P20;R09PP1-20
P21;R09PP1-21
P22;R09PP1-22
P23;R09PP1-23
P24;R09PP1-24
P01;R10PP1-01
P02;R10PP1-02
P03;R10PP1-03
P04;R10PP1-04
P05;R10PP1-05
P06;R10PP1-06
P07;R10PP1-07
P08;R10PP1-08
P09;R10PP1-09
P10;R10PP1-10
P11;R10PP1-11
P12;R10PP1-12
P13;R10PP1-13
P14;R10PP1-14
P15;R10PP1-15
P16;R10PP1-16
P17;R10PP1-17
P18;R10PP1-18
P19;R10PP1-19
P20;R10PP1-20
P21;R10PP1-21
P22;R10PP1-22
P23;R10PP1-23
P24;R10PP1-24
P01;R11PP1-01
P02;R11PP1-02
P03;R11PP1-03
P04;R11PP1-04
P05;R11PP1-05
P06;R11PP1-06
P07;R11PP1-07
P08;R11PP1-08
P09;R11PP1-09
P10;R11PP1-10
P11;R11PP1-11
P12;R11PP1-12
P13;R11PP1-13
P14;R11PP1-14
P15;R11PP1-15
P16;R11PP1-16
P17;R11PP1-17
P18;R11PP1-18
P19;R11PP1-19
P20;R11PP1-20
P21;R11PP1-21
P22;R11PP1-22
P23;R11PP1-23
P24;R11PP1-24
